date,max_temp_c,min_temp_c,solar_radiation_mj_m2,max_wind_speed_kmh
2023-01-01,15.5,12.0,0.54,30.5
2023-01-02,14.7,6.7,3.21,25.6
2023-01-03,9.9,5.8,3.76,27.4
2023-01-04,13.2,9.7,0.91,28.9
2023-01-05,13.8,11.4,1.99,21.4
2023-01-06,13.0,9.9,2.11,25.0
2023-01-07,11.2,6.3,2.8,29.6
2023-01-08,10.6,7.4,4.27,25.6
2023-01-09,8.3,5.6,3.69,32.2
2023-01-10,12.0,4.1,0.95,28.3
2023-01-11,12.5,9.0,4.72,27.7
2023-01-12,12.1,9.3,1.81,31.8
2023-01-13,11.2,7.2,4.64,32.6
2023-01-14,12.7,7.8,0.94,35.3
2023-01-15,8.9,5.1,5.32,36.3
2023-01-16,6.6,1.8,2.13,43.2
2023-01-17,3.3,-0.4,2.68,14.2
2023-01-18,5.1,-1.7,6.04,17.1
2023-01-19,3.5,-1.0,4.32,12.0
2023-01-20,6.1,-1.5,5.69,21.1
2023-01-21,3.8,-1.4,5.58,23.4
2023-01-22,3.3,-0.8,2.46,22.2
2023-01-23,3.7,0.1,2.97,22.6
2023-01-24,3.6,-1.1,2.66,19.7
2023-01-25,2.6,0.8,2.68,13.2
2023-01-26,4.7,0.3,1.01,17.7
2023-01-27,4.7,3.6,2.25,22.4
2023-01-28,3.7,-2.4,3.33,20.2
2023-01-29,4.9,-3.3,5.19,14.5
2023-01-30,9.0,2.1,1.95,20.2
2023-01-31,8.2,0.6,3.48,20.5
2023-02-01,9.8,5.8,4.26,24.8
2023-02-02,10.6,4.7,3.45,24.4
2023-02-03,10.2,6.8,3.05,21.1
2023-02-04,10.9,7.3,4.33,14.0
2023-02-05,9.4,3.5,4.77,23.1
2023-02-06,7.0,0.5,8.7,15.7
2023-02-07,6.3,-1.3,9.16,14.8
2023-02-08,6.0,-3.6,9.32,9.8
2023-02-09,6.9,-5.0,9.11,9.8
2023-02-10,9.6,0.5,3.98,11.0
2023-02-11,8.8,-0.5,4.86,7.4
2023-02-12,9.3,4.5,4.24,15.3
2023-02-13,11.9,-0.8,9.92,9.4
2023-02-14,12.0,-0.1,8.13,10.4
2023-02-15,12.9,-0.7,8.07,12.4
2023-02-16,11.6,3.9,3.14,18.4
2023-02-17,14.8,10.7,3.64,23.7
2023-02-18,12.5,9.3,4.1,23.9
2023-02-19,12.0,5.0,4.53,19.2
2023-02-20,12.1,2.6,9.18,10.3
2023-02-21,14.0,0.8,9.07,8.6
2023-02-22,10.6,6.8,3.33,15.7
2023-02-23,10.1,5.5,5.55,17.0
2023-02-24,10.5,4.7,7.14,16.7
2023-02-25,7.9,1.6,9.06,22.9
2023-02-26,5.2,-0.9,12.23,31.9
2023-02-27,6.5,-1.4,13.22,26.2
2023-02-28,5.2,-2.3,10.85,21.0
2023-03-01,7.3,-2.3,12.2,19.5
2023-03-02,9.4,-2.1,13.2,14.1
2023-03-03,9.2,-0.2,13.51,16.7
2023-03-04,6.8,-1.1,8.01,19.2
2023-03-05,7.3,3.0,5.7,9.9
2023-03-06,7.7,1.9,6.21,17.3
2023-03-07,8.9,3.3,5.62,23.8
2023-03-08,14.1,5.5,6.72,32.9
2023-03-09,14.7,8.9,9.32,31.7
2023-03-10,11.0,4.7,4.4,42.6
2023-03-11,7.3,1.3,4.85,13.9
2023-03-12,14.2,7.2,8.36,25.0
2023-03-13,15.8,10.4,7.07,31.6
2023-03-14,10.6,3.1,12.54,36.8
2023-03-15,10.9,2.3,9.47,11.6
2023-03-16,15.9,5.0,13.01,18.5
2023-03-17,15.9,8.1,7.6,25.3
2023-03-18,15.2,8.8,12.13,23.3
2023-03-19,11.2,3.5,8.05,18.8
2023-03-20,13.3,2.0,6.93,11.8
2023-03-21,14.8,8.3,11.08,21.6
2023-03-22,14.0,8.2,5.22,31.9
2023-03-23,15.9,11.2,8.86,30.2
2023-03-24,15.0,9.5,15.88,36.6
2023-03-25,13.7,8.5,13.44,35.4
2023-03-26,11.5,6.8,11.44,35.5
2023-03-27,9.7,3.7,13.91,19.0
2023-03-28,11.2,3.2,8.24,19.7
2023-03-29,19.6,9.1,14.64,22.2
2023-03-30,15.9,11.6,15.57,28.4
2023-03-31,14.6,10.2,13.26,38.1
2023-04-01,13.4,8.9,13.38,33.2
2023-04-02,9.5,7.0,4.85,24.7
2023-04-03,11.8,3.7,19.12,20.5
2023-04-04,10.8,0.8,21.17,16.4
2023-04-05,13.9,-0.4,21.32,8.1
2023-04-06,14.4,7.2,10.33,24.2
2023-04-07,14.1,5.4,18.69,14.4
2023-04-08,14.3,2.8,18.55,13.0
2023-04-09,17.3,2.8,18.78,11.5
2023-04-10,16.9,7.9,7.73,30.6
2023-04-11,13.2,7.8,10.62,24.9
2023-04-12,12.9,8.1,17.9,31.4
2023-04-13,11.9,5.4,16.8,28.9
2023-04-14,9.1,4.2,5.54,25.4
2023-04-15,12.7,7.0,8.51,25.1
2023-04-16,14.8,2.8,19.5,22.4
2023-04-17,12.5,3.5,12.51,21.4
2023-04-18,15.3,6.1,19.89,22.4
2023-04-19,18.2,7.2,21.72,21.6
2023-04-20,12.2,4.7,18.6,22.9
2023-04-21,13.2,1.3,20.19,8.2
2023-04-22,17.2,5.0,10.79,21.4
2023-04-23,14.6,8.8,11.75,39.0
2023-04-24,14.2,6.9,16.67,22.4
2023-04-25,11.6,5.5,12.92,17.3
2023-04-26,11.9,4.8,6.61,8.7
2023-04-27,18.4,7.0,15.26,13.2
2023-04-28,21.0,12.3,16.01,18.4
2023-04-29,15.8,8.4,13.8,14.1
2023-04-30,17.2,7.7,16.99,13.4
2023-05-01,15.9,9.5,17.72,19.0
2023-05-02,17.2,7.3,20.22,14.7
2023-05-03,19.7,6.5,26.04,18.1
2023-05-04,22.4,11.0,20.72,19.8
2023-05-05,18.5,12.6,16.69,19.9
2023-05-06,20.1,11.5,14.17,12.6
2023-05-07,18.5,12.4,12.98,16.6
2023-05-08,18.9,10.3,13.6,11.5
2023-05-09,16.9,12.3,6.27,22.6
2023-05-10,16.8,9.4,14.17,21.7
2023-05-11,16.4,8.9,20.2,13.8
2023-05-12,15.1,9.0,16.08,19.6
2023-05-13,20.3,10.3,24.78,21.3
2023-05-14,18.9,8.5,24.29,14.4
2023-05-15,16.0,8.1,11.41,19.9
2023-05-16,15.2,5.9,22.55,24.1
2023-05-17,16.1,6.4,21.93,22.9
2023-05-18,17.1,6.8,23.08,19.2
2023-05-19,19.2,7.5,24.87,19.4
2023-05-20,20.0,12.0,19.82,20.7
2023-05-21,21.2,12.5,24.18,20.4
2023-05-22,21.4,11.7,21.23,19.1
2023-05-23,18.9,10.9,19.09,22.6
2023-05-24,19.1,7.7,26.17,23.1
2023-05-25,20.2,10.3,28.45,23.9
2023-05-26,21.5,10.0,28.48,20.5
2023-05-27,23.7,11.5,27.09,16.3
2023-05-28,25.4,12.3,28.36,21.7
2023-05-29,23.4,13.3,28.63,26.6
2023-05-30,21.8,11.8,28.24,24.5
2023-05-31,25.5,11.9,28.35,23.0
2023-06-01,26.2,14.2,28.09,21.6
2023-06-02,20.2,9.8,29.37,21.9
2023-06-03,24.1,10.8,29.26,19.4
2023-06-04,25.3,13.4,29.52,20.2
2023-06-05,25.5,13.2,28.99,20.1
2023-06-06,25.6,12.5,26.05,16.2
2023-06-07,27.3,14.0,26.61,18.7
2023-06-08,27.3,14.5,27.48,17.5
2023-06-09,29.7,15.8,25.29,19.3
2023-06-10,27.6,17.9,22.11,14.3
2023-06-11,25.0,18.5,17.52,15.4
2023-06-12,26.3,16.7,23.81,16.8
2023-06-13,28.2,16.0,28.86,19.6
2023-06-14,28.2,13.7,29.53,13.4
2023-06-15,27.9,14.9,27.57,11.2
2023-06-16,29.3,14.4,28.53,11.8
2023-06-17,30.7,17.5,21.5,14.5
2023-06-18,30.0,18.9,19.13,21.8
2023-06-19,24.7,15.8,16.3,9.4
2023-06-20,26.9,17.9,18.68,22.2
2023-06-21,27.5,16.2,23.98,13.6
2023-06-22,23.7,17.4,12.75,21.9
2023-06-23,26.8,13.8,27.55,14.8
2023-06-24,27.8,15.1,28.91,9.6
2023-06-25,31.4,16.9,29.2,22.7
2023-06-26,23.3,15.7,24.35,19.3
2023-06-27,24.9,13.7,22.38,16.4
2023-06-28,25.5,15.4,16.99,7.9
2023-06-29,25.3,18.9,20.45,20.1
2023-06-30,24.6,15.6,22.94,23.6
2023-07-01,23.2,17.0,13.96,26.8
2023-07-02,23.5,14.0,22.22,20.6
2023-07-03,24.7,15.1,20.1,21.3
2023-07-04,22.4,12.6,16.53,25.2
2023-07-05,21.9,11.9,22.22,26.5
2023-07-06,25.8,12.5,23.01,11.5
2023-07-07,30.4,14.5,25.3,20.5
2023-07-08,32.8,20.1,26.17,14.9
2023-07-09,27.7,20.3,19.29,17.6
2023-07-10,29.0,16.8,28.59,13.5
2023-07-11,31.6,17.5,25.97,18.9
2023-07-12,25.0,17.3,23.47,17.3
2023-07-13,24.2,16.2,18.21,19.9
2023-07-14,30.6,15.0,25.95,25.7
2023-07-15,25.2,19.4,14.87,30.8
2023-07-16,25.0,15.6,22.36,26.4
2023-07-17,24.9,14.0,22.19,19.9
2023-07-18,28.7,14.0,25.76,11.3
2023-07-19,24.4,16.6,20.62,21.1
2023-07-20,25.7,13.8,18.68,14.5
2023-07-21,24.4,15.1,20.91,19.2
2023-07-22,25.6,13.1,19.29,23.3
2023-07-23,24.0,17.1,10.53,31.6
2023-07-24,23.3,16.9,19.98,26.0
2023-07-25,20.2,14.1,16.44,17.3
2023-07-26,23.2,12.1,21.43,17.4
2023-07-27,22.8,17.6,9.27,28.2
2023-07-28,24.1,17.9,11.51,17.3
2023-07-29,23.1,16.9,15.03,19.4
2023-07-30,22.6,14.5,17.02,22.3
2023-07-31,22.5,16.8,10.56,31.1
2023-08-01,21.7,15.7,18.25,28.9
2023-08-02,23.1,16.9,16.04,44.3
2023-08-03,18.7,16.0,9.44,31.1
2023-08-04,21.0,14.3,19.4,15.1
2023-08-05,19.2,12.7,11.59,30.7
2023-08-06,19.2,13.3,19.89,29.0
2023-08-07,21.4,12.2,21.7,16.1
2023-08-08,22.9,14.3,15.2,16.7
2023-08-09,23.1,16.3,13.01,15.4
2023-08-10,25.9,13.9,20.3,12.8
2023-08-11,27.3,17.3,18.44,14.9
2023-08-12,25.5,18.5,17.41,19.7
2023-08-13,23.1,16.0,17.38,16.4
2023-08-14,26.8,15.6,17.64,18.9
2023-08-15,23.9,16.5,19.12,11.9
2023-08-16,25.9,15.9,20.37,12.1
2023-08-17,27.5,17.0,22.27,13.4
2023-08-18,31.1,17.8,16.84,12.0
2023-08-19,26.8,20.0,14.03,14.5
2023-08-20,29.4,17.2,20.73,15.0
2023-08-21,27.3,16.5,22.5,10.1
2023-08-22,29.3,16.3,21.3,12.4
2023-08-23,30.7,17.6,20.96,12.4
2023-08-24,26.2,19.8,7.28,20.5
2023-08-25,22.4,16.1,8.76,17.9
2023-08-26,21.4,14.1,16.22,21.7
2023-08-27,21.1,12.5,18.62,19.9
2023-08-28,20.7,13.4,13.94,12.0
2023-08-29,20.6,11.3,17.24,12.2
2023-08-30,20.0,12.9,14.37,20.5
2023-08-31,19.0,12.6,4.94,21.7
2023-09-01,23.4,16.7,12.85,21.6
2023-09-02,27.8,15.5,18.75,15.5
2023-09-03,29.7,17.4,19.62,15.4
2023-09-04,29.2,17.0,20.38,18.7
2023-09-05,32.1,17.8,20.04,10.2
2023-09-06,32.0,17.3,19.82,11.0
2023-09-07,30.8,14.9,20.01,10.5
2023-09-08,34.0,18.8,18.96,9.7
2023-09-09,34.0,19.2,18.95,12.3
2023-09-10,33.8,20.1,18.79,12.1
2023-09-11,26.8,19.0,13.67,13.4
2023-09-12,20.2,16.9,5.44,9.7
2023-09-13,21.7,16.4,14.48,10.2
2023-09-14,23.5,13.6,15.55,8.0
2023-09-15,26.2,12.8,17.13,9.6
2023-09-16,24.4,13.3,12.95,10.0
2023-09-17,24.5,17.1,10.91,16.8
2023-09-18,23.4,16.2,13.73,22.8
2023-09-19,21.3,13.1,10.81,26.6
2023-09-20,23.8,16.4,12.55,30.2
2023-09-21,20.3,13.9,3.74,24.8
2023-09-22,16.7,11.3,10.25,27.4
2023-09-23,17.3,10.5,14.09,13.4
2023-09-24,20.0,8.0,16.32,15.4
2023-09-25,22.9,9.3,14.44,9.8
2023-09-26,23.9,12.9,11.32,8.9
2023-09-27,25.2,12.2,11.22,17.4
2023-09-28,21.8,15.7,13.85,15.5
2023-09-29,21.5,12.6,10.05,25.6
2023-09-30,22.0,10.0,12.41,8.8
2023-10-01,25.7,12.3,14.58,11.8
2023-10-02,27.2,13.2,14.07,17.4
2023-10-03,22.0,12.3,10.05,25.6
2023-10-04,19.0,9.4,11.51,9.8
2023-10-05,19.2,9.2,12.56,7.8
2023-10-06,21.5,8.4,13.89,8.5
2023-10-07,23.9,9.9,13.46,8.8
2023-10-08,25.7,10.6,13.45,11.4
2023-10-09,24.6,11.0,12.36,9.3
2023-10-10,27.3,10.0,12.81,12.4
2023-10-11,24.8,12.3,12.49,18.0
2023-10-12,22.3,16.5,6.68,20.8
2023-10-13,25.2,17.3,8.83,31.9
2023-10-14,18.1,10.2,7.3,30.0
2023-10-15,13.5,7.2,11.89,11.9
2023-10-16,13.4,4.3,10.44,21.1
2023-10-17,16.3,4.8,8.45,13.8
2023-10-18,19.2,12.0,2.92,27.4
2023-10-19,21.2,14.7,7.4,26.6
2023-10-20,17.9,12.4,6.35,18.6
2023-10-21,15.3,11.0,5.14,41.4
2023-10-22,16.3,8.5,9.23,26.7
2023-10-23,12.0,8.0,2.11,16.2
2023-10-24,16.1,11.1,8.58,17.6
2023-10-25,15.0,11.7,4.01,27.3
2023-10-26,15.9,11.1,5.14,20.6
2023-10-27,15.2,9.9,6.19,25.7
2023-10-28,15.1,10.5,4.11,36.8
2023-10-29,16.2,11.8,5.54,33.8
2023-10-30,13.1,9.4,1.84,16.8
2023-10-31,15.0,8.2,5.57,23.5
2023-11-01,13.8,11.3,3.73,31.1
2023-11-02,14.0,8.9,7.82,47.3
2023-11-03,10.8,5.8,6.06,21.8
2023-11-04,14.2,7.6,4.52,34.7
2023-11-05,13.6,10.1,6.06,33.5
2023-11-06,13.2,7.9,6.3,28.6
2023-11-07,12.4,6.6,7.87,23.2
2023-11-08,12.5,6.5,3.17,32.1
2023-11-09,12.3,8.3,5.17,26.9
2023-11-10,11.6,6.6,4.85,35.3
2023-11-11,11.9,5.5,6.38,18.0
2023-11-12,13.7,6.5,1.34,22.3
2023-11-13,17.2,11.7,1.88,31.7
2023-11-14,13.7,10.5,1.92,29.4
2023-11-15,12.7,8.6,4.67,24.8
2023-11-16,10.8,7.4,1.59,26.6
2023-11-17,11.5,6.0,5.77,19.1
2023-11-18,14.6,8.6,0.92,24.7
2023-11-19,15.3,11.8,5.81,26.3
2023-11-20,12.7,9.7,3.96,33.8
2023-11-21,12.2,8.3,3.47,18.8
2023-11-22,9.4,4.4,6.1,16.7
2023-11-23,13.2,7.1,2.42,19.2
2023-11-24,11.6,3.1,2.5,25.7
2023-11-25,8.0,2.3,4.51,21.1
2023-11-26,7.1,-0.3,4.28,15.1
2023-11-27,9.3,4.6,0.8,23.2
2023-11-28,6.8,1.4,5.4,22.5
2023-11-29,8.5,0.8,4.91,13.3
2023-11-30,6.5,0.1,4.17,10.2
2023-12-01,3.8,-0.3,3.02,15.5
2023-12-02,3.1,-3.3,5.62,16.2
2023-12-03,4.2,-2.0,2.78,22.3
2023-12-04,9.8,2.3,1.92,29.7
2023-12-05,8.1,5.7,1.3,27.7
2023-12-06,7.8,2.7,4.49,13.7
2023-12-07,6.2,2.3,2.03,19.3
2023-12-08,10.6,5.4,2.22,15.0
2023-12-09,14.3,6.6,0.69,38.3
2023-12-10,13.4,7.1,2.67,33.0
2023-12-11,13.1,8.7,4.05,23.4
2023-12-12,13.0,9.0,2.46,24.2
2023-12-13,10.1,6.5,2.18,19.9
2023-12-14,8.4,7.0,1.81,23.2
2023-12-15,9.6,4.0,1.29,10.1
2023-12-16,9.9,1.3,4.92,8.8
2023-12-17,7.3,1.5,3.63,11.9
2023-12-18,3.9,1.1,2.22,13.9
2023-12-19,10.1,3.9,1.83,25.2
2023-12-20,9.5,4.9,2.95,22.6
2023-12-21,12.0,9.6,0.84,31.0
2023-12-22,11.0,9.4,1.71,30.8
2023-12-23,11.9,8.1,2.02,22.7
2023-12-24,11.4,8.4,1.81,25.8
2023-12-25,12.8,10.7,1.32,27.5
2023-12-26,11.6,10.0,1.22,23.0
2023-12-27,10.4,7.4,4.01,28.6
2023-12-28,12.2,8.5,3.69,29.1
2023-12-29,11.5,8.3,2.19,30.6
2023-12-30,11.8,7.7,1.96,25.3
2023-12-31,10.8,7.6,4.16,38.2
2024-01-01,9.9,5.9,3.71,34.4
2024-01-02,11.9,10.0,0.71,41.2
2024-01-03,12.0,8.7,3.1,32.8
2024-01-04,10.6,6.7,3.22,28.3
2024-01-05,9.3,4.0,4.87,25.2
2024-01-06,7.5,3.4,3.37,22.2
2024-01-07,4.5,1.0,1.52,22.1
2024-01-08,-0.1,-3.8,2.3,22.2
2024-01-09,-1.4,-3.3,2.38,16.1
2024-01-10,0.9,-3.9,3.69,11.3
2024-01-11,1.9,-2.8,5.78,15.7
2024-01-12,3.3,-2.3,2.37,15.0
2024-01-13,0.5,-1.7,2.37,10.2
2024-01-14,0.2,-2.6,3.06,10.6
2024-01-15,4.6,-3.1,4.72,17.4
2024-01-16,3.4,-3.8,6.1,11.5
2024-01-17,9.0,-1.5,0.54,23.5
2024-01-18,2.9,-3.2,5.51,22.1
2024-01-19,3.7,-4.2,6.28,9.9
2024-01-20,1.5,-5.3,6.36,14.7
2024-01-21,8.3,-1.6,3.55,36.7
2024-01-22,12.3,8.0,3.38,42.0
2024-01-23,13.2,6.2,1.53,27.7
2024-01-24,13.5,10.0,4.26,27.7
2024-01-25,13.1,9.5,2.8,17.1
2024-01-26,12.1,2.0,5.12,24.9
2024-01-27,7.4,-1.9,5.79,8.1
2024-01-28,9.3,0.2,5.59,12.8
2024-01-29,12.8,5.6,5.99,13.7
2024-01-30,11.2,6.8,2.1,15.1
2024-01-31,11.4,2.6,5.03,14.9
2024-02-01,11.4,4.3,1.83,18.3
2024-02-02,9.2,3.5,4.1,14.2
2024-02-03,11.2,8.7,2.35,17.7
2024-02-04,12.1,8.8,3.52,20.3
2024-02-05,9.3,6.2,3.27,18.6
2024-02-06,12.3,7.5,5.33,29.6
2024-02-07,12.3,10.5,1.77,29.3
2024-02-08,13.6,10.9,2.22,30.4
2024-02-09,14.2,8.8,3.96,30.5
2024-02-10,10.0,5.8,1.92,24.6
2024-02-11,10.5,6.2,4.62,27.4
2024-02-12,10.6,4.2,6.36,12.9
2024-02-13,10.8,2.6,7.06,22.5
2024-02-14,14.8,9.6,4.25,22.2
2024-02-15,17.1,8.7,8.12,14.9
2024-02-16,14.1,6.6,2.48,25.7
2024-02-17,13.8,6.5,7.73,10.4
2024-02-18,11.7,6.5,1.69,23.4
2024-02-19,11.6,8.7,3.77,21.3
2024-02-20,10.8,6.9,5.09,14.9
2024-02-21,10.9,6.8,1.99,30.9
2024-02-22,14.3,5.5,4.65,40.8
2024-02-23,9.1,4.2,7.62,31.4
2024-02-24,8.9,2.0,8.28,28.0
2024-02-25,8.9,3.7,2.51,23.5
2024-02-26,9.6,5.4,2.65,29.5
2024-02-27,9.7,4.1,6.58,26.5
2024-02-28,10.9,0.2,8.16,13.5
2024-02-29,10.4,8.1,1.9,24.0
2024-03-01,10.9,4.3,6.19,35.7
2024-03-02,8.9,5.0,2.74,25.9
2024-03-03,8.8,3.3,6.44,13.9
2024-03-04,11.2,0.3,13.66,14.4
2024-03-05,9.5,4.6,8.24,19.2
2024-03-06,9.6,2.9,8.14,10.0
2024-03-07,12.8,1.2,13.2,19.3
2024-03-08,13.6,2.6,12.37,25.6
2024-03-09,13.6,6.0,8.19,25.5
2024-03-10,10.6,5.3,5.77,13.8
2024-03-11,12.1,4.1,10.3,20.3
2024-03-12,11.6,6.8,3.18,18.4
2024-03-13,14.3,8.6,8.72,16.1
2024-03-14,17.5,5.6,13.54,16.7
2024-03-15,16.1,11.4,11.13,28.8
2024-03-16,14.7,9.6,11.4,21.6
2024-03-17,15.5,9.0,4.47,16.1
2024-03-18,16.2,10.2,11.76,12.4
2024-03-19,17.2,6.8,15.18,10.4
2024-03-20,19.2,6.1,14.26,9.4
2024-03-21,18.1,7.5,16.91,11.3
2024-03-22,17.6,7.2,14.35,19.4
2024-03-23,10.9,5.1,14.25,28.4
2024-03-24,11.4,3.9,14.93,28.3
2024-03-25,12.9,1.7,14.72,21.1
2024-03-26,12.5,5.5,6.09,23.6
2024-03-27,12.5,5.0,10.27,29.0
2024-03-28,12.0,5.6,14.97,39.0
2024-03-29,13.3,8.4,8.31,22.4
2024-03-30,12.1,6.6,8.54,14.9
2024-03-31,14.0,6.2,12.86,22.7
2024-04-01,13.7,6.7,12.81,23.4
2024-04-02,13.9,7.6,11.65,33.7
2024-04-03,16.1,10.0,13.62,28.2
2024-04-04,18.0,12.3,14.55,39.8
2024-04-05,18.1,12.3,7.52,26.3
2024-04-06,24.1,12.7,18.31,23.2
2024-04-07,17.1,12.6,8.74,17.6
2024-04-08,21.4,8.3,15.08,20.3
2024-04-09,12.5,7.3,16.76,31.7
2024-04-10,15.8,5.1,17.84,14.8
2024-04-11,17.8,10.5,9.84,11.4
2024-04-12,22.2,9.7,18.35,13.1
2024-04-13,24.2,10.4,21.58,17.7
2024-04-14,20.1,9.7,15.71,16.3
2024-04-15,13.5,7.0,11.77,39.8
2024-04-16,13.0,6.3,17.24,27.8
2024-04-17,11.9,4.4,17.6,22.0
2024-04-18,12.0,2.8,17.28,15.4
2024-04-19,12.4,6.9,6.14,29.5
2024-04-20,10.3,3.5,14.85,20.6
2024-04-21,10.6,3.2,18.92,28.7
2024-04-22,10.6,2.6,20.57,18.5
2024-04-23,11.3,1.2,21.02,19.2
2024-04-24,10.8,3.9,16.8,27.4
2024-04-25,12.3,1.3,16.38,11.1
2024-04-26,15.3,4.2,15.03,18.0
2024-04-27,16.0,8.5,10.46,20.4
2024-04-28,15.5,8.8,18.99,28.0
2024-04-29,17.8,5.8,20.21,15.5
2024-04-30,18.6,10.3,12.97,22.5
2024-05-01,19.4,11.6,16.53,20.8
2024-05-02,15.2,10.5,7.23,23.2
2024-05-03,15.7,8.8,20.25,21.9
2024-05-04,15.1,6.5,18.23,12.4
2024-05-05,17.4,10.1,10.94,19.6
2024-05-06,17.1,9.4,21.42,18.6
2024-05-07,18.6,8.2,21.96,23.5
2024-05-08,16.3,8.3,18.53,15.4
2024-05-09,19.4,7.3,21.46,11.9
2024-05-10,22.5,9.4,26.37,14.8
2024-05-11,24.7,10.0,26.55,15.2
2024-05-12,24.2,11.9,19.24,12.7
2024-05-13,20.8,14.4,17.56,19.6
2024-05-14,16.2,13.1,6.13,14.1
2024-05-15,19.0,12.2,22.5,14.1
2024-05-16,18.3,11.3,24.49,14.0
2024-05-17,18.4,10.0,18.8,9.9
2024-05-18,20.4,11.4,21.56,12.6
2024-05-19,19.1,11.6,16.73,8.9
2024-05-20,21.3,11.2,21.86,14.5
2024-05-21,19.3,11.8,16.51,11.9
2024-05-22,18.8,11.1,20.49,20.5
2024-05-23,18.9,11.4,20.92,12.3
2024-05-24,18.7,10.4,21.49,16.3
2024-05-25,20.3,10.7,21.69,10.5
2024-05-26,20.6,13.5,20.64,21.9
2024-05-27,16.7,10.5,15.96,18.4
2024-05-28,16.8,10.1,5.69,23.2
2024-05-29,17.4,13.9,7.79,23.8
2024-05-30,16.5,11.4,15.12,24.3
2024-05-31,17.4,10.8,15.9,23.4
2024-06-01,15.0,12.1,8.22,22.7
2024-06-02,17.4,11.6,12.7,19.9
2024-06-03,19.9,7.9,22.35,10.8
2024-06-04,22.0,11.9,21.89,19.5
2024-06-05,18.6,11.5,16.59,16.9
2024-06-06,19.7,8.5,24.14,14.5
2024-06-07,20.5,8.4,28.41,10.1
2024-06-08,21.2,8.4,26.18,19.4
2024-06-09,20.3,8.9,26.37,19.8
2024-06-10,16.6,9.7,13.22,26.0
2024-06-11,16.9,6.8,23.75,16.7
2024-06-12,17.3,6.6,23.06,14.0
2024-06-13,19.5,8.8,20.22,20.8
2024-06-14,21.3,13.1,20.53,26.8
2024-06-15,17.5,11.3,16.1,29.8
2024-06-16,19.7,13.0,13.51,25.1
2024-06-17,21.8,13.8,19.43,13.7
2024-06-18,22.2,14.8,12.6,13.9
2024-06-19,21.3,14.7,14.48,23.3
2024-06-20,22.2,14.8,14.83,15.8
2024-06-21,21.9,15.7,15.61,13.5
2024-06-22,19.7,13.3,16.23,24.3
2024-06-23,23.8,10.6,24.55,19.5
2024-06-24,26.0,13.0,23.95,11.2
2024-06-25,27.7,16.0,23.97,12.3
2024-06-26,29.5,17.1,25.69,14.0
2024-06-27,28.6,18.0,23.34,18.3
2024-06-28,22.0,14.4,27.13,13.5
2024-06-29,22.6,12.7,14.93,18.3
2024-06-30,22.2,14.3,14.81,18.3
2024-07-01,20.0,14.7,20.51,17.6
2024-07-02,20.0,13.0,10.59,16.5
2024-07-03,20.4,11.8,12.48,20.4
2024-07-04,21.4,14.8,22.18,22.8
2024-07-05,23.8,12.1,21.58,18.6
2024-07-06,20.7,13.0,20.54,27.9
2024-07-07,20.8,10.4,19.75,21.1
2024-07-08,22.3,10.8,16.44,12.8
2024-07-09,27.6,16.0,18.56,14.3
2024-07-10,25.4,17.3,22.6,19.6
2024-07-11,23.9,14.9,19.46,15.5
2024-07-12,19.3,14.0,10.66,17.4
2024-07-13,21.0,13.3,18.77,9.9
2024-07-14,22.6,12.2,16.03,9.0
2024-07-15,27.0,13.0,19.84,23.4
2024-07-16,22.7,15.7,22.02,28.0
2024-07-17,24.5,13.3,22.26,10.0
2024-07-18,29.0,14.8,25.7,8.5
2024-07-19,31.9,17.9,23.37,8.4
2024-07-20,30.3,18.7,23.72,12.7
2024-07-21,25.3,18.3,17.27,19.7
2024-07-22,24.5,14.5,15.83,17.4
2024-07-23,23.8,17.0,17.68,24.5
2024-07-24,24.5,13.9,19.06,7.0
2024-07-25,28.0,15.6,21.14,13.3
2024-07-26,23.6,19.1,11.44,10.6
2024-07-27,19.8,16.1,6.66,10.2
2024-07-28,24.5,11.3,26.51,14.5
2024-07-29,29.2,14.5,24.85,12.9
2024-07-30,33.6,19.6,24.19,10.0
2024-07-31,31.2,21.5,18.84,17.6
2024-08-01,28.7,20.3,18.24,13.7
2024-08-02,27.2,18.6,22.08,19.4
2024-08-03,24.2,15.1,14.3,14.8
2024-08-04,23.5,16.2,21.2,14.3
2024-08-05,27.5,13.4,25.61,8.4
2024-08-06,28.3,15.6,24.26,15.6
2024-08-07,23.4,16.5,19.64,13.7
2024-08-08,27.2,16.8,18.06,15.2
2024-08-09,25.3,18.1,13.77,18.5
2024-08-10,27.7,14.7,24.11,9.4
2024-08-11,31.8,17.3,23.72,16.3
2024-08-12,35.2,20.8,23.42,17.8
2024-08-13,27.5,20.0,13.42,16.0
2024-08-14,26.1,19.5,14.97,12.2
2024-08-15,26.0,18.3,20.85,13.0
2024-08-16,25.5,16.9,12.14,17.9
2024-08-17,22.3,17.2,4.28,15.5
2024-08-18,22.0,14.0,14.69,20.2
2024-08-19,22.2,10.7,22.82,9.2
2024-08-20,23.8,14.1,12.28,21.6
2024-08-21,21.0,12.0,17.21,14.2
2024-08-22,24.5,11.9,22.8,17.7
2024-08-23,25.0,15.7,8.04,28.3
2024-08-24,29.2,16.5,19.81,28.5
2024-08-25,21.4,11.7,19.04,15.9
2024-08-26,23.4,12.3,18.96,9.5
2024-08-27,26.0,12.1,21.95,10.7
2024-08-28,30.7,13.0,21.54,15.3
2024-08-29,25.3,16.3,15.12,14.8
2024-08-30,21.8,15.2,7.57,15.5
2024-08-31,25.6,15.1,13.67,13.2
2024-09-01,27.8,18.6,18.12,19.4
2024-09-02,24.5,17.6,15.94,16.3
2024-09-03,22.1,15.9,9.45,14.8
2024-09-04,21.7,15.4,15.23,11.3
2024-09-05,17.2,13.5,4.86,24.3
2024-09-06,22.7,11.3,16.48,11.8
2024-09-07,23.5,15.7,11.34,14.5
2024-09-08,20.6,12.8,12.27,23.9
2024-09-09,20.1,14.7,8.04,27.4
2024-09-10,17.8,11.3,10.01,25.4
2024-09-11,16.4,10.8,12.93,27.0
2024-09-12,15.5,8.1,17.0,22.7
2024-09-13,16.7,7.0,14.83,19.2
2024-09-14,16.6,7.0,14.87,10.7
2024-09-15,18.5,6.0,18.27,9.0
2024-09-16,19.2,9.9,10.06,18.1
2024-09-17,20.9,11.7,12.16,26.0
2024-09-18,23.6,13.4,16.03,27.9
2024-09-19,24.9,15.0,16.69,22.4
2024-09-20,20.9,12.7,10.99,16.5
2024-09-21,23.3,13.1,13.99,17.6
2024-09-22,20.6,15.5,8.6,14.2
2024-09-23,19.4,12.8,10.92,19.3
2024-09-24,18.2,12.7,5.54,27.1
2024-09-25,17.3,12.7,3.84,25.8
2024-09-26,18.6,13.8,5.64,30.6
2024-09-27,15.9,11.5,10.05,30.2
2024-09-28,13.8,7.1,12.17,15.6
2024-09-29,14.9,4.7,8.1,23.2
2024-09-30,18.1,11.6,4.9,34.0
2024-10-01,17.4,11.5,11.02,19.6
2024-10-02,16.5,11.1,6.38,22.0
2024-10-03,14.2,8.8,8.56,20.6
2024-10-04,15.3,5.2,11.87,11.4
2024-10-05,16.4,4.7,14.2,17.5
2024-10-06,16.9,9.8,2.96,20.2
2024-10-07,17.8,13.8,5.53,21.3
2024-10-08,19.2,13.0,11.22,26.0
2024-10-09,17.1,13.2,0.99,28.9
2024-10-10,15.4,9.7,7.83,21.3
2024-10-11,13.8,5.9,11.52,10.2
2024-10-12,15.8,7.3,6.0,15.9
2024-10-13,15.0,8.8,10.11,16.9
2024-10-14,21.5,10.1,9.4,16.7
2024-10-15,20.2,11.0,6.82,18.2
2024-10-16,24.7,15.3,10.9,22.8
2024-10-17,18.3,15.2,2.55,17.2
2024-10-18,16.0,13.4,3.44,19.9
2024-10-19,16.6,11.1,3.75,22.9
2024-10-20,18.5,10.8,4.22,23.8
2024-10-21,21.0,12.5,7.63,28.2
2024-10-22,16.6,9.1,9.44,13.3
2024-10-23,16.7,7.8,8.96,11.9
2024-10-24,18.0,6.3,9.72,13.2
2024-10-25,19.6,12.0,7.26,22.0
2024-10-26,18.2,12.3,5.72,6.9
2024-10-27,16.4,13.1,3.18,10.2
2024-10-28,17.6,10.4,5.57,9.7
2024-10-29,14.7,8.1,4.65,10.6
2024-10-30,15.3,10.3,4.73,12.1
2024-10-31,15.9,10.1,6.39,8.1
2024-11-01,12.0,9.6,3.28,7.6
2024-11-02,12.7,9.3,2.91,16.1
2024-11-03,13.0,7.6,6.39,10.3
2024-11-04,14.5,7.2,5.77,8.8
2024-11-05,13.2,6.0,2.79,7.9
2024-11-06,12.3,8.4,3.9,10.8
2024-11-07,13.7,8.8,2.39,14.7
2024-11-08,11.6,8.3,2.52,10.3
2024-11-09,13.6,8.6,4.65,7.1
2024-11-10,12.0,7.3,1.67,12.6
2024-11-11,13.5,5.3,3.15,18.5
2024-11-12,10.7,7.2,4.51,29.9
2024-11-13,9.1,5.5,4.73,12.8
2024-11-14,12.5,4.5,4.42,7.8
2024-11-15,10.5,6.9,5.32,8.8
2024-11-16,9.5,5.1,6.31,7.5
2024-11-17,10.4,4.0,1.99,13.1
2024-11-18,10.9,6.7,1.31,20.9
2024-11-19,12.2,6.6,1.0,27.3
2024-11-20,6.9,1.6,5.69,18.8
2024-11-21,1.5,-1.1,0.86,22.6
2024-11-22,3.5,-2.2,6.43,20.2
2024-11-23,12.6,1.1,2.82,25.6
2024-11-24,18.0,12.2,3.51,28.7
2024-11-25,18.0,8.5,0.76,25.0
2024-11-26,11.2,7.6,4.86,16.0
2024-11-27,13.3,7.6,1.93,24.0
2024-11-28,9.0,3.7,5.43,8.9
2024-11-29,8.1,1.3,6.01,11.0
2024-11-30,6.6,0.1,4.44,9.0
2024-12-01,11.4,1.1,3.15,14.5
2024-12-02,12.3,6.8,4.44,16.4
2024-12-03,8.4,3.5,3.57,11.8
2024-12-04,7.3,2.7,2.36,11.4
2024-12-05,13.2,4.7,0.91,26.7
2024-12-06,13.8,7.1,5.06,29.2
2024-12-07,11.8,5.8,4.19,30.6
2024-12-08,8.5,6.2,1.15,25.8
2024-12-09,6.6,5.0,2.16,20.5
2024-12-10,6.2,4.7,1.08,15.8
2024-12-11,5.6,4.7,1.89,12.9
2024-12-12,4.6,3.3,1.99,10.0
2024-12-13,3.7,-0.2,2.61,8.4
2024-12-14,5.2,-0.4,2.51,10.8
2024-12-15,9.9,3.1,1.87,13.1
2024-12-16,10.7,8.4,2.42,12.2
2024-12-17,8.5,5.8,2.04,13.5
2024-12-18,13.8,7.0,1.42,23.3
2024-12-19,13.8,3.4,3.23,26.6
2024-12-20,8.1,3.2,4.27,15.4
2024-12-21,11.0,6.6,1.52,26.5
2024-12-22,11.4,3.3,2.44,27.7
2024-12-23,7.6,4.9,4.18,22.5
2024-12-24,9.9,5.3,1.2,8.7
2024-12-25,10.9,8.6,1.42,8.2
2024-12-26,8.6,3.7,3.62,8.9
2024-12-27,5.6,-1.1,5.15,5.1
2024-12-28,2.1,-0.8,1.51,9.0
2024-12-29,4.6,1.4,1.48,7.7
2024-12-30,4.1,2.6,1.68,8.7
2024-12-31,5.7,1.9,2.25,16.5
2025-01-01,8.8,4.2,1.66,26.9
2025-01-02,9.7,0.9,0.74,27.5
2025-01-03,4.2,-1.5,5.31,8.6
2025-01-04,2.3,-2.8,4.42,13.5
2025-01-05,12.8,1.7,1.27,29.4
2025-01-06,13.2,5.9,2.64,34.8
2025-01-07,6.9,3.5,4.61,22.9
2025-01-08,12.2,3.4,0.46,32.1
2025-01-09,11.1,2.4,2.47,21.5
2025-01-10,5.6,1.0,2.87,8.9
2025-01-11,2.2,-0.5,3.14,9.5
2025-01-12,4.1,-0.5,3.11,8.3
2025-01-13,4.1,-2.0,6.25,9.3
2025-01-14,2.6,-3.7,6.11,4.9
2025-01-15,5.5,-0.8,1.86,7.4
2025-01-16,5.4,0.2,3.29,12.6
2025-01-17,3.3,-1.3,3.72,7.0
2025-01-18,2.4,-0.9,2.01,9.5
2025-01-19,1.4,-1.7,2.43,5.9
2025-01-20,0.8,-1.7,3.22,6.4
2025-01-21,4.7,-2.1,5.0,10.0
2025-01-22,9.5,1.7,2.04,15.6
2025-01-23,9.1,4.7,3.81,24.2
2025-01-24,12.3,7.7,0.83,28.0
2025-01-25,11.9,6.6,1.83,21.5
2025-01-26,10.0,1.1,2.22,27.3
2025-01-27,12.6,8.0,5.88,31.7
2025-01-28,11.3,6.8,3.38,26.1
2025-01-29,8.5,5.4,2.02,24.9
2025-01-30,8.0,2.5,3.64,19.0
2025-01-31,4.9,1.0,2.02,14.6
2025-02-01,6.5,-1.5,8.35,7.5
2025-02-02,6.5,-2.1,8.35,5.7
2025-02-03,6.1,-1.8,4.72,5.4
2025-02-04,4.4,-0.0,4.82,10.3
2025-02-05,7.4,1.4,4.14,7.1
2025-02-06,5.0,1.5,3.06,15.7
2025-02-07,6.6,2.7,3.42,15.0
2025-02-08,7.2,3.9,4.98,16.5
2025-02-09,7.1,3.1,4.54,12.2
2025-02-10,6.7,3.5,2.28,13.6
2025-02-11,6.6,1.8,4.64,12.4
2025-02-12,5.5,1.7,2.66,7.5
2025-02-13,6.7,3.2,6.62,9.0
2025-02-14,4.7,-0.5,10.21,12.8
2025-02-15,4.4,-2.1,7.98,11.9
2025-02-16,6.2,-0.9,10.33,9.9
2025-02-17,6.5,-1.4,10.63,8.7
2025-02-18,8.3,-0.4,10.52,12.3
2025-02-19,10.1,0.5,6.6,9.8
2025-02-20,13.8,7.3,3.8,13.6
2025-02-21,15.9,9.2,6.38,14.9
2025-02-22,13.0,8.1,5.27,19.1
2025-02-23,14.1,4.8,11.39,15.5
2025-02-24,12.8,8.2,2.27,18.6
2025-02-25,9.0,6.8,1.34,26.2
2025-02-26,10.9,3.7,8.52,25.3
2025-02-27,9.9,3.1,10.35,19.0
2025-02-28,9.0,2.2,9.62,11.6
2025-03-01,7.6,0.9,8.38,19.0
2025-03-02,10.5,0.4,13.58,12.6
2025-03-03,11.3,-0.5,13.88,6.4
2025-03-04,12.8,0.7,11.11,6.4
2025-03-05,16.5,0.8,14.12,5.8
2025-03-06,17.0,3.8,14.46,11.0
2025-03-07,16.7,6.3,13.44,10.6
2025-03-08,18.1,7.3,13.66,12.8
2025-03-09,17.1,8.3,10.13,12.2
2025-03-10,13.1,7.5,5.7,11.0
2025-03-11,11.8,4.8,8.46,13.5
2025-03-12,7.3,2.9,7.12,13.3
2025-03-13,7.8,2.4,11.13,10.3
2025-03-14,6.8,-0.4,9.44,12.8
2025-03-15,8.3,1.4,9.35,20.5
2025-03-16,10.5,2.2,9.27,15.6
2025-03-17,11.6,1.0,16.14,15.9
2025-03-18,12.5,1.6,17.41,12.5
2025-03-19,17.2,5.3,16.74,10.1
2025-03-20,18.5,5.6,16.94,9.9
2025-03-21,19.7,9.4,13.97,16.0
2025-03-22,16.9,10.9,10.1,14.7
2025-03-23,13.4,7.3,10.7,13.4
2025-03-24,15.6,5.4,13.73,9.2
2025-03-25,13.8,7.8,11.73,12.2
2025-03-26,14.3,7.4,9.69,11.8
2025-03-27,14.9,3.6,19.12,8.0
2025-03-28,12.7,4.0,8.54,17.3
2025-03-29,13.3,5.5,19.19,16.5
2025-03-30,15.5,5.8,10.97,17.2
2025-03-31,14.0,5.1,19.49,11.5
2025-04-01,14.2,5.0,20.07,24.8
2025-04-02,16.6,6.6,20.13,16.9
2025-04-03,20.2,7.5,19.75,13.8
2025-04-04,23.0,10.6,19.39,13.8
2025-04-05,23.7,9.2,20.82,13.5
2025-04-06,18.0,8.7,21.28,13.8
2025-04-07,17.0,4.2,22.03,9.8
2025-04-08,18.4,4.1,21.05,9.1
2025-04-09,18.6,6.0,21.64,16.4
2025-04-10,16.1,5.4,21.92,12.3
2025-04-11,22.0,5.6,22.22,10.0
2025-04-12,21.5,8.9,16.17,18.4
2025-04-13,17.5,11.4,15.46,16.2
2025-04-14,19.6,7.3,15.78,13.8
2025-04-15,18.1,10.1,14.44,19.2
2025-04-16,15.0,8.1,14.47,10.6
2025-04-17,16.6,6.1,17.41,11.2
2025-04-18,19.3,6.3,19.98,18.3
2025-04-19,20.6,8.7,17.22,16.3
2025-04-20,16.2,10.7,15.13,17.5
2025-04-21,15.0,10.1,10.71,11.6
2025-04-22,16.8,7.6,17.36,7.8
2025-04-23,15.0,8.4,11.78,20.7
2025-04-24,16.7,9.2,16.77,13.1
2025-04-25,15.7,7.3,12.12,11.0
2025-04-26,18.8,8.2,21.69,13.4
2025-04-27,20.5,11.0,21.57,12.5
2025-04-28,24.1,9.8,24.54,12.5
2025-04-29,26.7,10.8,25.48,12.1
2025-04-30,29.2,12.5,25.37,11.4
2025-05-01,30.1,14.1,24.2,15.4
2025-05-02,29.8,15.5,24.27,13.2
2025-05-03,24.6,15.3,19.63,14.6
2025-05-04,16.1,9.1,16.86,19.1
2025-05-05,14.3,6.2,17.32,18.8
2025-05-06,15.5,7.0,19.05,20.2
2025-05-07,15.7,8.0,16.98,16.1
2025-05-08,18.3,8.7,20.26,15.8
2025-05-09,20.2,9.5,21.15,17.5
2025-05-10,23.8,9.6,23.46,16.7
2025-05-11,24.4,13.4,21.37,13.0
2025-05-12,19.6,13.2,18.0,10.9
2025-05-13,20.9,10.9,19.37,14.2
2025-05-14,25.3,11.1,23.77,15.3
2025-05-15,18.1,8.9,22.95,19.0
2025-05-16,20.3,8.9,27.89,15.8
2025-05-17,18.7,9.5,16.69,13.9
2025-05-18,20.4,8.7,26.55,9.7
2025-05-19,23.8,8.5,27.42,12.4
2025-05-20,25.9,12.3,26.3,14.5
2025-05-21,17.3,11.1,7.36,13.6
2025-05-22,18.9,8.4,23.57,14.7
2025-05-23,18.5,8.3,26.8,10.5
2025-05-24,20.1,8.1,9.96,18.3
2025-05-25,20.2,13.8,15.01,22.4
2025-05-26,18.4,10.2,15.97,14.2
2025-05-27,19.5,11.8,12.79,24.8
2025-05-28,21.1,14.0,16.2,20.4
2025-05-29,24.5,11.6,20.03,13.7
2025-05-30,29.8,13.8,27.9,9.3
2025-05-31,29.7,17.0,18.55,12.6
2025-06-01,23.4,15.9,20.9,13.1
2025-06-02,22.1,13.9,22.13,10.8
2025-06-03,24.4,11.9,27.47,20.3
2025-06-04,20.4,13.9,9.35,13.0
2025-06-05,19.0,13.0,8.5,25.4
2025-06-06,21.0,14.2,21.55,20.8
2025-06-07,19.9,13.9,18.25,24.7
2025-06-08,18.6,12.0,21.98,20.8
2025-06-09,22.5,10.2,25.14,8.8
2025-06-10,24.9,12.1,27.37,15.8
2025-06-11,28.2,13.5,28.89,12.8
2025-06-12,31.7,17.3,25.34,15.1
2025-06-13,33.3,20.6,25.98,23.3
2025-06-14,27.6,20.3,21.86,13.3
2025-06-15,23.2,16.9,15.44,14.2
2025-06-16,26.9,12.2,27.94,9.8
2025-06-17,29.2,15.3,25.0,13.5
2025-06-18,29.6,16.1,29.26,11.2
2025-06-19,31.3,17.9,29.19,15.1
2025-06-20,32.2,19.5,26.28,13.0
2025-06-21,35.7,18.8,29.3,12.2
2025-06-22,29.4,22.8,24.76,13.6
2025-06-23,25.9,17.8,16.61,20.3
2025-06-24,30.0,13.7,29.24,10.1
2025-06-25,35.8,18.4,23.05,16.7
2025-06-26,26.1,18.2,21.45,18.6
2025-06-27,27.7,19.4,18.0,12.8
2025-06-28,29.7,19.0,22.87,11.3
2025-06-29,30.1,18.8,27.69,11.8
2025-06-30,36.0,20.6,27.32,13.1
2025-07-01,38.6,23.4,27.24,11.1
2025-07-02,33.6,19.6,26.0,19.2
2025-07-03,26.0,16.4,29.7,13.6
2025-07-04,28.0,14.6,29.71,11.0
2025-07-05,27.1,15.3,24.19,13.7
2025-07-06,20.6,15.0,8.18,19.0
2025-07-07,19.1,14.5,12.05,17.5
2025-07-08,20.5,13.1,23.07,15.7
2025-07-09,24.0,11.2,28.03,7.9
2025-07-10,27.4,13.9,25.74,11.7
2025-07-11,29.8,17.7,28.21,15.8
2025-07-12,28.9,18.1,23.03,10.9
2025-07-13,31.8,17.8,26.06,13.5
2025-07-14,28.5,18.8,23.39,19.1
2025-07-15,24.9,17.1,18.21,19.1
2025-07-16,22.4,19.0,7.27,20.6
2025-07-17,26.0,16.4,19.94,7.0
2025-07-18,31.9,18.8,25.52,10.9
2025-07-19,26.9,21.0,19.86,20.8
2025-07-20,23.4,17.1,13.39,19.5
2025-07-21,21.0,16.3,14.6,21.9
2025-07-22,21.9,16.1,18.59,19.2
2025-07-23,21.4,15.1,15.75,9.6
2025-07-24,21.2,14.7,14.61,13.7
2025-07-25,24.3,15.4,24.09,8.4
2025-07-26,25.8,16.0,24.18,17.8
2025-07-27,22.0,16.7,16.37,14.9
2025-07-28,21.8,14.2,22.42,13.6
2025-07-29,22.5,13.7,19.08,12.1
2025-07-30,23.0,16.2,18.41,11.8
2025-07-31,24.5,15.4,20.52,14.0
2025-08-01,22.6,15.5,19.66,15.4
2025-08-02,21.7,13.4,19.09,12.3
2025-08-03,25.0,12.8,24.42,13.3
2025-08-04,28.4,18.2,14.7,16.8
2025-08-05,23.1,16.0,25.12,15.8
2025-08-06,24.0,12.7,23.77,8.7
2025-08-07,29.2,14.5,24.81,10.4
2025-08-08,27.8,15.9,22.69,13.5
2025-08-09,28.0,16.8,24.48,15.4
2025-08-10,28.4,13.5,25.35,11.3
2025-08-11,32.2,15.9,25.14,11.4
2025-08-12,35.3,20.1,24.63,13.0
2025-08-13,35.2,19.8,17.55,9.9
2025-08-14,31.2,20.0,23.16,13.8
2025-08-15,31.5,17.2,23.74,13.2
2025-08-16,27.9,18.7,23.22,16.1
2025-08-17,27.0,15.7,23.8,12.6
2025-08-18,28.6,15.9,23.44,10.3
2025-08-19,29.7,17.2,15.15,15.5
2025-08-20,23.5,17.3,8.87,13.8
2025-08-21,23.6,15.1,19.09,15.5
2025-08-22,21.2,12.2,18.22,11.3
2025-08-23,24.0,11.9,18.38,11.4
2025-08-24,24.1,12.7,22.56,8.8
2025-08-25,28.4,12.5,21.97,7.3
2025-08-26,29.4,16.3,18.22,14.9
2025-08-27,26.6,18.8,19.34,15.6
2025-08-28,23.2,17.1,15.88,16.7
2025-08-29,21.0,15.2,10.89,20.7
2025-08-30,22.0,13.5,12.72,19.1
2025-08-31,22.3,15.3,7.95,16.8
2025-09-01,21.2,13.9,16.48,15.3
2025-09-02,18.5,12.4,7.75,23.1
2025-09-03,25.4,16.4,11.72,30.1
2025-09-04,20.8,14.8,13.66,19.7
2025-09-05,21.4,12.2,16.48,10.8
2025-09-06,24.1,11.9,20.2,15.8
2025-09-07,30.1,15.0,18.03,13.2
2025-09-08,23.0,17.3,15.71,11.4
2025-09-09,22.1,13.2,17.68,9.2
2025-09-10,21.0,12.1,12.12,19.8
2025-09-11,20.5,13.3,13.81,22.6
2025-09-12,19.8,11.9,16.97,19.2
2025-09-13,19.3,12.7,10.2,20.0
2025-09-14,20.5,13.3,3.93,22.3
2025-09-15,20.1,14.7,15.07,26.5
2025-09-16,18.5,12.1,11.81,20.0
2025-09-17,21.8,12.9,13.86,12.9
2025-09-18,24.3,12.9,17.44,7.6
2025-09-19,31.2,12.5,17.75,10.8
2025-09-20,22.9,18.6,4.47,19.1
2025-09-21,18.1,12.4,10.13,13.3
2025-09-22,17.3,9.7,14.63,22.8
2025-09-23,15.1,9.9,5.88,19.7
2025-09-24,11.7,10.4,3.55,17.3
2025-09-25,12.3,9.6,3.7,10.7
2025-09-26,14.0,9.8,6.65,5.5
2025-09-27,15.6,9.0,9.96,8.0
2025-09-28,19.1,7.8,15.22,6.2
2025-09-29,19.3,9.2,13.54,8.1
2025-09-30,18.2,9.8,14.77,10.3
2025-10-01,18.9,8.3,13.92,7.2
2025-10-02,17.9,8.5,12.63,8.3
2025-10-03,17.0,11.2,2.84,21.1
2025-10-04,18.3,10.9,10.6,29.0
2025-10-05,16.5,10.3,12.48,20.5
2025-10-06,16.3,9.7,7.13,12.3
2025-10-07,18.2,9.2,12.51,4.1
2025-10-08,17.2,9.8,8.36,7.8
2025-10-09,18.2,11.6,9.55,8.4
2025-10-10,15.3,10.0,7.25,9.0
2025-10-11,18.2,10.5,11.65,10.7
2025-10-12,17.6,9.3,12.5,11.5
2025-10-13,16.6,9.6,6.42,16.6
2025-10-14,17.3,12.0,10.35,14.2
2025-10-15,15.7,10.3,7.1,13.3
2025-10-16,14.6,9.7,6.49,13.5
2025-10-17,16.4,8.9,10.19,13.1
2025-10-18,16.5,7.5,10.81,12.8
2025-10-19,15.5,8.5,2.34,19.1
2025-10-20,17.5,13.3,6.13,24.6
2025-10-21,16.9,12.2,7.18,21.9
2025-10-22,16.4,12.3,3.86,25.9
2025-10-23,16.5,8.8,4.83,29.4
2025-10-24,13.0,6.5,9.27,20.1
2025-10-25,14.0,9.2,7.3,22.0
2025-10-26,11.6,7.0,8.58,18.2
2025-10-27,15.2,9.7,6.29,24.3
2025-10-28,15.5,10.0,4.9,24.1
2025-10-29,14.6,10.2,4.82,16.4
2025-10-30,13.7,7.7,8.52,17.4
2025-10-31,16.3,8.2,5.98,16.4
2025-11-01,16.0,11.8,2.23,18.9
2025-11-02,13.5,8.9,6.78,21.2
2025-11-03,15.8,7.5,4.52,18.3
2025-11-04,16.6,8.1,8.01,13.2
2025-11-05,17.1,10.6,7.27,13.4
2025-11-06,14.6,11.5,2.1,10.1
2025-11-07,14.8,9.2,3.66,14.1
2025-11-08,13.5,8.9,1.44,9.1
2025-11-09,12.2,7.1,5.01,10.3
2025-11-10,11.9,6.9,4.39,15.9
2025-11-11,15.2,8.7,3.73,19.2
2025-11-12,15.5,8.4,6.41,14.8
2025-11-13,16.9,12.5,4.79,16.5
2025-11-14,18.8,14.2,3.18,13.2
2025-11-15,14.1,10.2,2.76,10.6
2025-11-16,12.4,8.0,3.0,13.1
2025-11-17,9.2,3.7,4.65,16.8
2025-11-18,8.3,-0.2,5.27,16.2
2025-11-19,7.1,3.9,2.53,21.1
2025-11-20,4.8,0.6,5.67,14.6
2025-11-21,3.9,-0.7,2.84,13.5
2025-11-22,1.9,-2.2,4.56,16.2
2025-11-23,7.3,0.5,0.94,20.1
2025-11-24,9.8,5.9,4.89,18.8
2025-11-25,8.1,4.3,4.05,23.6
2025-11-26,8.4,3.1,5.46,12.9
2025-11-27,8.4,2.4,1.18,14.3
2025-11-28,11.1,7.6,1.29,16.1
2025-11-29,11.7,7.9,1.4,20.6
2025-11-30,8.5,3.5,4.85,13.8
2025-12-01,7.8,2.0,3.32,19.5
2025-12-02,10.0,7.3,2.71,18.5
2025-12-03,10.1,6.1,2.99,9.7
2025-12-04,9.2,4.1,1.63,19.6
2025-12-05,6.7,-0.0,4.02,26.1
2025-12-06,12.5,6.6,4.02,24.8
2025-12-07,14.9,10.2,0.89,22.8
2025-12-08,16.0,11.4,2.4,20.0
2025-12-09,15.0,9.1,4.61,17.2
2025-12-10,14.6,8.9,3.27,14.1
